Rohan Sharma,2025-01-01 16:54:1
Anjali Mehta,2025-01-01 12:42:9
Vikram Patel,2025-01-01 20:38:40
Rohan Sharma,2025-01-02 10:39:51
Anjali Mehta,2025-01-02 22:9:29
Vikram Patel,2025-01-02 22:6:30
Neha Gupta,2025-01-02 18:30:49
Rohan Sharma,2025-01-03 17:27:7
Anjali Mehta,2025-01-03 13:16:40
Vikram Patel,2025-01-03 20:56:5
Neha Gupta,2025-01-03 20:47:55
Rohan Sharma,2025-01-04 10:1:9
Anjali Mehta,2025-01-04 10:25:28
Vikram Patel,2025-01-04 9:23:53
Neha Gupta,2025-01-04 22:34:22
Rohan Sharma,2025-01-05 13:25:13
Anjali Mehta,2025-01-05 22:22:42
Vikram Patel,2025-01-05 8:34:16
Neha Gupta,2025-01-05 22:42:38
Rohan Sharma,2025-01-06 8:30:31
Anjali Mehta,2025-01-06 10:30:57
Vikram Patel,2025-01-06 14:21:2
Neha Gupta,2025-01-06 21:38:48
Rohan Sharma,2025-01-07 11:29:31
Anjali Mehta,2025-01-07 17:7:1
Vikram Patel,2025-01-07 17:32:12
Neha Gupta,2025-01-07 19:10:37
Vikram Patel,2025-01-08 14:57:27
Neha Gupta,2025-01-08 16:41:52
Rohan Sharma,2025-01-09 12:42:44
Anjali Mehta,2025-01-09 17:3:34
Neha Gupta,2025-01-09 14:41:8
Rohan Sharma,2025-01-10 17:45:58
Anjali Mehta,2025-01-10 12:10:38
Vikram Patel,2025-01-10 18:6:2
Neha Gupta,2025-01-10 10:6:33
Rohan Sharma,2025-01-11 16:40:31
Anjali Mehta,2025-01-11 17:51:39
Vikram Patel,2025-01-11 10:19:56
Neha Gupta,2025-01-11 13:43:6
Rohan Sharma,2025-01-12 15:14:6
Vikram Patel,2025-01-12 12:31:43
Neha Gupta,2025-01-12 15:11:5
Rohan Sharma,2025-01-13 13:37:19
Anjali Mehta,2025-01-13 12:28:12
Vikram Patel,2025-01-13 20:59:48
Neha Gupta,2025-01-13 20:47:56
Rohan Sharma,2025-01-14 14:37:16
Anjali Mehta,2025-01-14 22:45:36
Vikram Patel,2025-01-14 14:20:18
Neha Gupta,2025-01-14 20:18:2
Rohan Sharma,2025-01-15 14:55:8
Anjali Mehta,2025-01-15 18:16:26
Neha Gupta,2025-01-15 18:7:49
Anjali Mehta,2025-01-16 19:10:20
Vikram Patel,2025-01-16 14:4:20
Rohan Sharma,2025-01-17 22:32:32
Anjali Mehta,2025-01-17 12:59:20
Vikram Patel,2025-01-17 8:58:30
Neha Gupta,2025-01-17 12:11:48
Rohan Sharma,2025-01-18 22:29:24
Anjali Mehta,2025-01-18 18:44:43
Vikram Patel,2025-01-18 16:57:37
Neha Gupta,2025-01-18 21:14:4
Rohan Sharma,2025-01-19 16:46:7
Anjali Mehta,2025-01-19 18:49:38
Vikram Patel,2025-01-19 18:44:2
Neha Gupta,2025-01-19 10:55:19
Rohan Sharma,2025-01-20 8:11:7
Anjali Mehta,2025-01-20 15:31:6
Vikram Patel,2025-01-20 10:59:27
Neha Gupta,2025-01-20 16:25:55
Rohan Sharma,2025-01-21 19:58:20
Anjali Mehta,2025-01-21 22:17:54
Vikram Patel,2025-01-21 13:1:24
Neha Gupta,2025-01-21 14:34:56
Rohan Sharma,2025-01-22 14:7:0
Anjali Mehta,2025-01-22 11:10:50
Vikram Patel,2025-01-22 8:30:43
Neha Gupta,2025-01-22 16:58:42
Rohan Sharma,2025-01-23 16:11:31
Anjali Mehta,2025-01-23 19:9:31
Vikram Patel,2025-01-23 10:12:21
Neha Gupta,2025-01-23 11:7:38
Rohan Sharma,2025-01-24 17:14:23
Anjali Mehta,2025-01-24 15:51:9
Vikram Patel,2025-01-24 15:30:27
Rohan Sharma,2025-01-25 16:3:45
Anjali Mehta,2025-01-25 8:31:2
Vikram Patel,2025-01-25 17:57:49
Anjali Mehta,2025-01-26 8:10:42
Vikram Patel,2025-01-26 10:20:48
Neha Gupta,2025-01-26 20:41:15
Rohan Sharma,2025-01-27 12:43:58
Vikram Patel,2025-01-27 21:24:38
Neha Gupta,2025-01-27 10:3:30
Rohan Sharma,2025-01-28 17:1:14
Anjali Mehta,2025-01-28 18:29:26
Vikram Patel,2025-01-28 11:59:10
Neha Gupta,2025-01-28 11:15:56
Rohan Sharma,2025-01-29 10:50:8
Anjali Mehta,2025-01-29 16:20:54
Vikram Patel,2025-01-29 13:45:19
Neha Gupta,2025-01-29 18:57:59
Rohan Sharma,2025-01-30 12:38:44
Vikram Patel,2025-06-13 20:36:07
